Structure,AvgLength_Nucleotides
E,6.189857761286333
S,3.8612473721093203
H,6.466386554621849
I,2.318917018284107
B,4.48339222614841
X,4.569937369519833
M,2.8621700879765397
K,0.0
