Structure,Frequency
E,0.13525675675675675
S,0.44675675675675675
H,0.18717567567567567
I,0.08912162162162163
B,0.08572972972972973
X,0.02958108108108108
M,0.026378378378378378
K,0.0
