Structure,AvgLength_Nucleotides
E,8.222127174222983
S,4.127229561088452
H,6.505990133897111
I,2.0953216374269004
B,4.237241916634203
X,4.401433691756273
M,2.665647921760391
K,0.0
