Structure,Frequency
E,0.18724025974025973
S,0.4402467532467532
H,0.17984415584415583
I,0.0697987012987013
B,0.07062987012987013
X,0.02392207792207792
M,0.02831818181818182
K,0.0
